Name,Company,City/Region
Abbotsford Animal Hospital,NVA,"Aurora, Ont."
Algonquin Animal Hospital,NVA,Ottawa
Allandale Veterinary Hospital,NVA,"Barrie, Ont."
Alpine Veterinary Medical Centre,NVA,Whitehorse
Anderson Veterinary Clinic,NVA,"Penticton, B.C."
Animal Care Hospital of Quesnel,NVA,"Quesnel, B.C."
Animal Care Hospital of Williams Lake,NVA,"Williams Lake, B.C."
Animal Emergency Clinic of the Fraser Valley,NVA,"Langley, B.C."
Animal Hospital Gravenhurst,NVA,"Gravenhurst, Ont."
Atlantic Veterinary Hospital,NVA,"Rothesay, N.B."
Baccalieu Trail Animal Hospital,NVA,"Bay Roberts, N.L."
Basinview Animal Hospital,NVA,"Bedford, N.S."
Bathurst Animal Hospital,NVA,Toronto
Bayridge Animal Hospital,NVA,"Kingston, Ont."
Baywood Animal Hospital,NVA,"Midhurst, Ont."
Beattie Animal Hospital – Brantford,NVA,"Brantford, Ont."
Beattie Pet Hospital – Ancaster,NVA,"Ancaster, Ont."
Beattie Pet Hospital – Burlington,NVA,"Burlington, Ont."
Beattie Pet Hospital – Stoney Creek,NVA,"Stoney Creek, Ont."
Beattie Pet Hospital – East Hamilton,NVA,Hamilton
Bedford Cat Clinic,NVA,"Bedford, N.S."
Berwick Animal Hospital,NVA,"Berwick, N.S."
Big Bay Animal Hospital,NVA,"Barrie, Ont."
Billings Bridge Animal Hospital,NVA,Ottawa
Blenheim Veterinary Hospital,NVA,"Blenheim, Ont."
Blue Cross Animal Hospital,NVA,Toronto
Bowen Veterinary Services,NVA,"Bowen Island, B.C."
Bowmanville Veterinary Clinic,NVA,"Bowmanville, Ont."
Bracebridge Animal Hospital,NVA,"Bracebridge, Ont."
Brack Animal Hospital,NVA,"Windsor, Ont."
Burnside Veterinary Hospital,NVA,"Dartmouth, N.S."
Burtch Animal Hospital,NVA,"Kelowna, B.C."
Carnegy Animal Hospital,NVA,Halifax
Cassells Animal Hospital,NVA,"North Bay, Ont."
Cat Clinic,NVA,Hamilton
Central Langley Pet Hospital,NVA,"Langley, B.C."
Central Nova Animal Hospital,NVA,"Truro, N.S."
Central Toronto Veterinary Referral Clinic,NVA,Toronto
Central Valley Veterinary Hospital,NVA,"Kelowna, B.C."
Chatham Kent Veterinary Hospital,NVA,"Chatham, Ont."
Chelmsford Animal Hospital,NVA,"Chelmsford, Ont."
City Centre Animal Hospital,NVA,"Airdrie, Alta."
Coast Mountain Veterinary Services,NVA,"Whistler, B.C."
Cornwall Veterinary Clinic,NVA,"Cornwall, P.E.I."
Cumberland Veterinary Hospital,NVA,"Orleans, Ont."
Dissette Animal Hospital,NVA,"Bradford, Ont."
Douglas Animal Hospital,NVA,Fredericton
Eagleview Veterinary Hospital,NVA,"Squamish, B.C."
East River Animal Hospital,NVA,"New Glasgow, N.S."
Egan Animal Hospital,NVA,"Chatham, Ont."
Eglinton Veterinary Facilities,NVA,Toronto
Elk Lake Veterinary Hospital,NVA,Victoria
Ellwood Park Animal Hospital,NVA,"Abbotsford, B.C."
Fairfield Animal Hospital,NVA,"Kelowna, B.C."
Family Pet Hospital & 24 Hour Pet Emergency Centre,NVA,"Lethbridge, Alta."
Forest Hill Animal Clinic,NVA,Toronto
Fundy Veterinarians – Shubenacadie,NVA,"Shubenacadie East, N.S."
Fundy Veterinarians – Truro,NVA,"Murray Siding, N.S."
Gananoque Veterinary Clinic,NVA,"Gananoque, Ont."
Golden Veterinary Services,NVA,"Golden, B.C."
Grand River Veterinary Hospital,NVA,"Caledonia, Ont."
Grenville-Dundas Veterinary Clinic,NVA,"Kemptville, Ont."
Hermitage Veterinary Hospital,NVA,Edmonton
Heubner-Ridder Veterinary Hospital,NVA,"Goderich, Ont."
Highway 24 Veterinary Clinic,NVA,"Guelph, Ont."
Humber Veterinary Clinic,NVA,"Corner Brook, N.L."
Huntsville Animal Hospital,NVA,"Huntsville, Ont."
Invermere Veterinary Hospital,NVA,"Invermere, B.C."
Island City Animal Hospital,NVA,"Brockville, Ont."
Islington Village Animal Hospital,NVA,"Etobicoke, Ont."
Juan De Fuca Veterinary Clinic,NVA,Victoria
Kemptville Animal Hospital,NVA,"Kemptville, Ont."
Langley Animal Clinic,NVA,"Langley, B.C."
LeGallais Veterinary Hospital,NVA,"Aurora, Ont."
Lindsey Veterinary Hospital,NVA,"Penticton, B.C."
Liston Animal Hospital,NVA,"Kanata, Ont."
Mahogany Veterinary Clinic,NVA,Calgary
Manning Equine Veterinary Services,NVA,"Orton, Ont."
Manotick Veterinary Hospital,NVA,"Manotick, Ont."
Maritime Veterinary Emergency and Specialty Centre,NVA,"Dartmouth, N.S."
Martensville Veterinary Hospital,NVA,"Martensville, Sask."
Martindale Animal Clinic,NVA,"St. Catharines, Ont."
McGilvray Veterinary Hospital,NVA,Toronto
Mississauga Animal Hospital,NVA,"Mississauga, Ont."
Mitchell Animal Hospital,NVA,"Kitchener, Ont."
Morgan Animal Hospital,NVA,"Niagara Falls, Ont."
Mount Brydges Animal Clinic,NVA,"Caradoc, Ont."
Mountainside 24/7 Animal Emergency,NVA,"North Vancouver, B.C."
Navan Veterinary Services,NVA,"Navan, Ont."
New Glasgow Veterinary Clinic,NVA,"New Glasgow, N.S."
Newcastle Veterinary Clinic,NVA,"Newcastle, Ont."
North Bay Animal Hospital,NVA,"North Bay, Ont."
Oakpark Pet Hospital,NVA,"Oakville, Ont."
Okanagan Veterinary Hospital,NVA,"Kelowna, B.C."
Park Veterinary Centre,NVA,"Sherwood Park, Alta."
Parkhill Animal Hospital,NVA,"Peterborough, Ont."
Pictou Veterinary Clinic,NVA,"Pictou, N.S."
Piper Creek Veterinary Clinic,NVA,"Deer County, Alta."
Plessis Veterinary Hospital,NVA,Winnipeg
Port Hope Veterinary Hospital,NVA,"Port Hope, Ont."
Prescott Animal Hospital,NVA,"Prescott, Ont."
Preston Animal Clinic,NVA,"Cambridge, Ont."
Prince of Wales Animal Hospital,NVA,Ottawa
Queen West Animal Hospital,NVA,Toronto
Rideau St. Lawrence Veterinary Hospital,NVA,"Prescott, Ont."
Riverside Small Animal Hospital,NVA,"Kamloops, B.C."
Romeo Pet Hospital,NVA,"Stratford, Ont."
Rose Valley Veterinary Hospital,NVA,"West Kelowna, B.C."
Russell Equine,NVA,"Russell, Ont."
Sherwood Park Animal Hospital,NVA,"Beaconsfield, Que."
Sherwood Veterinary Clinic,NVA,"Sherwood Park, Alta."
South Mission Animal Hospital,NVA,"Kelowna, B.C."
South Okanagan Animal Care Center,NVA,"Penticton, B.C."
South Ridge Veterinary Clinic,NVA,"South, Ont."
South Saskatchewan Animal Hospital,NVA,Regina
Southfort Veterinary Clinic,NVA,"Fort Saskatchewan, Alta."
SouthPaw Animal Hospital,NVA,Fredericton
St. Catharines Animal Hospital,NVA,"St. Catharines, Ont."
Stone Church Animal Clinic,NVA,Hamilton
Summerland Animal Clinic,NVA,"Summerland, B.C."
Summerside Animal Hospital,NVA,"Summerside, P.E.I."
Sunset Strip Veterinary Clinic,NVA,"Owen Sound, Ont."
Thicketwood Veterinary Hospital,NVA,"Stouffville, Ont."
Thornbury Veterinary Hospital,NVA,"Thornbury, Ont."
Thousand Islands Veterinary Services,NVA,"Gananoque, Ont."
Three Island Veterinary Services,NVA,"Bobcaygeon, Ont."
Town Centre Veterinary Hospital,NVA,Edmonton
Tsawwassen Animal Hospital,NVA,"Delta, B.C."
Upper Canada Animal Hospital,NVA,"Niagara-on-the-Lake, Ont."
Uxbridge Veterinary Hospital,NVA,"Uxbridge, Ont."
Valley Veterinary Hospital,NVA,Fredericton
Vernon Veterinary Clinic,NVA,"Vernon, B.C."
Veterinary Emergency Hospital of West Toronto,NVA,"Mississauga, Ont."
Village Cat Clinic,NVA,"Ancaster, Ont."
Village Veterinary Clinic,NVA,"Russell, Ont."
Wallaceburg Animal Hospital,NVA,"Wallaceburg, Ont."
Westbank Animal Care Hospital,NVA,"Westbank, B.C."
Westhills Veterinary Clinic,NVA,Calgary
Westview Veterinary Hospital,NVA,"Powell River, B.C."
Westview Veterinary Services,NVA,"North Vancouver, B.C."
Williamstown Veterinary Services,NVA,"Williamstown, Ont."
Woodbine Animal Clinic,NVA,Toronto
4 Paws 24 Hour Veterinary Hospital (PetFocus),Vet Strategy,Halifax
Abbey Animal Hospital,Vet Strategy,"Oakville, Ont."
Acadia Drive Animal Clinic,Vet Strategy,Calgary
Acadia Veterinary Hospital,Vet Strategy,"Dieppe, N.B."
Airdrie Animal Health Centre,Vet Strategy,"Airdrie, Alta."
Airport Animal Hospital,Vet Strategy,"North Bay, Ont."
Ajax Animal Hospital,Vet Strategy,"Ajax, Ont."
Albert North Veterinary Clinic,Vet Strategy,Regina
Alcona Animal Hospital,Vet Strategy,"Innisfil, Ont."
Aldergrove Animal Hospital,Vet Strategy,"Aldergrove, B.C."
All About Cats,Vet Strategy,"North Vancouver, B.C."
Alouette Animal Hospital,Vet Strategy,"Maple Ridge, B.C."
Ambassador Animal Hospital,Vet Strategy,"Windsor, Ont."
Ambleside Animal Hospital,Vet Strategy,Vancouver
Amherstview Pet Hospital,Vet Strategy,"Amherstview, Ont."
Animal Emergency Clinic of Durham Region,Vet Strategy,"Whitby, Ont."
Animal Hospital of Cambridge,Vet Strategy,"Cambridge, Ont."
Animal Hospital of Oakville,Vet Strategy,"Oakville, Ont."
Animal Medical Centre (Sydney),Vet Strategy,"Sydney, N.S."
Animal Medical Centre North,Vet Strategy,"Grande Prairie, Alta."
Animal Medical Centre South,Vet Strategy,"Dunmore, Alta."
Annex Animal Hospital,Vet Strategy,Toronto
Antigonish Veterinary Clinic,Vet Strategy,"Antigonish, N.S."
Aspen Animal Hospital,Vet Strategy,Calgary
Aurora Animal Clinic,Vet Strategy,"Aurora, Ont."
Avon Animal Hospital,Vet Strategy,"Windsor, N.S."
Aylmer Veterinary Clinic,Vet Strategy,"Aylmer, Ont."
Baker Animal Clinic,Vet Strategy,"Whitby, Ont."
Bank Street Animal Hospital,Vet Strategy,Ottawa
Banner Road Veterinary Services,Vet Strategy,"Ingersoll, Ont."
Barriefield Animal Hospital,Vet Strategy,"Kingston, Ont."
Baxter Animal Hospital,Vet Strategy,"Sudbury, Ont."
Bay Cat Hospital | Bay Dog Hospital,Vet Strategy,Toronto
Bedford South Veterinary Hospital (PetFocus),Vet Strategy,"Bedford, N.S."
Beechwood Animal Hospital,Vet Strategy,Ottawa
Beechwood Veterinary Services,Vet Strategy,Ottawa
Big Rock Animal Clinic,Vet Strategy,"Okotoks, Alta."
Bloorcourt Veterinary Clinic,Vet Strategy,Toronto
Bow River Veterinary Centre,Vet Strategy,"Canmore, Alta."
Briarwood Animal Hospital,Vet Strategy,"Stoney Creek, Ont."
Bridgwater Veterinary Hospital and Wellness Centre,Vet Strategy,Winnipeg
Britannia Kingsland Veterinary Clinic,Vet Strategy,Calgary
Cabbagetown Pet Clinic,Vet Strategy,Toronto
Cambrian Animal Hospital,Vet Strategy,Calgary
Cambrian Animal Hospital,Vet Strategy,"Sudbury, Ont."
Campbell River Veterinary Hospital,Vet Strategy,"Campbell River, B.C."
Canmore Veterinary Hospital,Vet Strategy,"Canmore, Alta."
Carling Animal Hospital,Vet Strategy,Ottawa
Carstairs Veterinary Clinic,Vet Strategy,"Carstairs, Alta."
Carter Veterinary Hospital,Vet Strategy,"Bowmanville, Ont."
Cataraqui Pet Hospital,Vet Strategy,"Kingston, Ont."
Cavan Hills Veterinary Services,Vet Strategy,"Cavan, Ont."
Centennial Animal Hospital,Vet Strategy,Winnipeg
Centennial Animal Hospital,Vet Strategy,"Monck Drive, Ont."
Central Animal Hospital,Vet Strategy,"Kamloops, B.C."
Central Animal Hospital,Vet Strategy,"Vernon, B.C."
Central City Animal Clinic,Vet Strategy,"Burnaby, B.C."
Central Island Veterinary Emergency Hospital,Vet Strategy,"Nanaimo, B.C."
Centretown Veterinary Hospital,Vet Strategy,Ottawa
Champlain Animal Hospital,Vet Strategy,"Peterborough, Ont."
Chapman Mills Animal Hospital,Vet Strategy,"Nepean, Ont."
Chase River Veterinary Hospital,Vet Strategy,"Nanaimo, B.C."
Clappison Animal Hospital,Vet Strategy,Hamilton
Clarkson Village Animal Hospital,Vet Strategy,"Mississauga, Ont."
Clayton Park Veterinary Hospital (PetFocus),Vet Strategy,Halifax
Clearspring Animal Hospital,Vet Strategy,"Blumenort, Man."
Clearview Dog & Cat Hospital,Vet Strategy,"Red Deer, Alta."
Coastland Veterinary Hospital,Vet Strategy,"Campbell River, B.C."
Cobequid Animal Hospital,Vet Strategy,"Lower Sackville, N.S."
Cochrane Animal Clinic,Vet Strategy,"Cochrane, Alta."
College Manor Veterinary Hospital,Vet Strategy,"Newmarket, Ont."
Companion Animal Hospital,Vet Strategy,"Dartmouth, N.S."
Cornell Animal Hospital,Vet Strategy,"Guelph, Ont."
Cornerstone Square Veterinary Hospital,Vet Strategy,Calgary
Corydon Animal Hospital,Vet Strategy,Winnipeg
Cottonwood Veterinary Clinic,Vet Strategy,"Chilliwack, B.C."
Coxwell Animal Clinic,Vet Strategy,"East York, Ont."
Cranberry Hill Animal Hospital,Vet Strategy,"Kemptville, Ont."
Cranston Veterinary Hospital,Vet Strategy,Calgary
Cremona Veterinary Clinic,Vet Strategy,"Cremona, Alta."
Crossroads Animal Hospital,Vet Strategy,"Medicine Hat, Alta."
Crossroads Veterinary Clinic,Vet Strategy,"Rosslyn, Ont."
Cumberland Veterinary Clinic,Vet Strategy,Saskatoon
Dartmouth Veterinary Hospital (PetFocus),Vet Strategy,"Dartmouth, N.S."
Davisville Park Animal Hospital,Vet Strategy,Toronto
Deep River Animal Services,Vet Strategy,"Deep River, Ont."
Deer Park Pet Hospital,Vet Strategy,"Red Deer, Alta."
Delton Veterinary Hospital,Vet Strategy,Edmonton
Didsbury Veterinary Services,Vet Strategy,"Didsbury, Alta."
Don Head Village Animal Clinic,Vet Strategy,"Richmond Hill, Ont."
Downtown Animal Hospital,Vet Strategy,"Kingston, Ont."
Dresden Veterinary Clinic,Vet Strategy,"Dresden, Ont."
Dundas Euclid Animal Hospital,Vet Strategy,Toronto
Dundas Veterinary Services,Vet Strategy,"Winchester, Ont."
Dundas West Animal Hospital,Vet Strategy,Toronto
Eagle Rise Animal Hospital,Vet Strategy,Victoria
East Hill Dog & Cat Hospital,Vet Strategy,"Red Deer, Alta."
East Oshawa Animal Hospital,Vet Strategy,"Courtice, Ont."
Eastern Shore Veterinary Hospital (PetFocus),Vet Strategy,"Porters Lake, N.S."
Edgemont Veterinary Clinic,Vet Strategy,Calgary
Elgin Animal Hospital,Vet Strategy,"Thomas, Ont."
Elizabeth Street Pet Hospital (ESPH),Vet Strategy,"Okotoks, Alta."
Elmvale Veterinary Hospital,Vet Strategy,"Elmvale, Ont."
Elmwood Veterinary Hospital,Vet Strategy,"Moncton, N.B."
Embrun Veterinary Hospital,Vet Strategy,"Embrun, Ont."
Etobicoke Veterinary Hospital,Vet Strategy,"Etobicoke, Ont."
Fairmont Animal Hospital,Vet Strategy,"London, Ont."
Fairview Animal Hospital,Vet Strategy,Halifax
Fifth Avenue Veterinary Clinic,Vet Strategy,"Orangeville, Ont."
Fish Creek Pet Hospital,Vet Strategy,Calgary
Fort Garry Veterinary Hospital,Vet Strategy,Winnipeg
Fraser Valley Animal Hospital,Vet Strategy,"Abbotsford, B.C."
Fredericton Animal Hospital,Vet Strategy,Fredericton
Front Street Animal Hospital,Vet Strategy,Toronto
Ganaraska Animal Clinic,Vet Strategy,"Port Hope, Ont."
Gander Veterinary Clinic,Vet Strategy,"Gander, N.L."
Gateway Pet Hospital,Vet Strategy,"Kitchener, Ont."
Georgetown Animal Clinic,Vet Strategy,"Georgetown, Ont."
Gillies Grove Animal Hospital,Vet Strategy,"Arnprior, Ont."
Glenora Family Pet Clinic,Vet Strategy,Edmonton
Glenview Animal Hospital,Vet Strategy,Victoria
Golf Glen Veterinary Clinic,Vet Strategy,"Aurora, Ont."
Grand Valley Animal Hospital,Vet Strategy,"Brandon, Man."
Gravenhurst Veterinary Services,Vet Strategy,"Gravenhurst, Ont."
Gray Street Veterinary Services,Vet Strategy,"Espanola, Ont."
Greenboro Veterinary Clinic,Vet Strategy,Ottawa
Green Lane Animal Hospital,Vet Strategy,"Thornhill, Ont."
Grimsby Animal Hospital,Vet Strategy,"Grimsby, Ont."
Guildford Animal Hospital,Vet Strategy,"Surrey, B.C."
Halifax Veterinary Hospital,Vet Strategy,Halifax
Harbour Cities Veterinary Hospital (PetFocus),Vet Strategy,"Dartmouth, N.S."
Hartzel Animal Hospital,Vet Strategy,"St. Catharines, Ont."
Headon Forest Animal Hospital,Vet Strategy,"Burlington, Ont."
Hillcrest Animal Hospital,Vet Strategy,"Trenton, Ont."
Hillside Veterinary Hospital,Vet Strategy,Victoria
Holland Landing Animal Hospital,Vet Strategy,"Holland Landing, Ont."
Huronia Veterinary Emergency Clinic,Vet Strategy,"Barrie, Ont."
Island Veterinary Hospital,Vet Strategy,"Richmond, B.C."
Jane Animal Hospital,Vet Strategy,Toronto
Kamloops Veterinary Clinic,Vet Strategy,"Kamloops, B.C."
Kawartha Veterinary Emergency Clinic (KVEC),Vet Strategy,"Peterborough, Ont."
Kennedy Heights Animal & Bird Hospital,Vet Strategy,"Surrey, B.C."
Killarney Cat Hospital,Vet Strategy,Calgary
Kingston Napanee Spay Neuter Clinic,Vet Strategy,"Kingston, Ont."
Kingston Road Animal Hospital,Vet Strategy,Toronto
Kingston Veterinary Clinic,Vet Strategy,"Kingston, Ont."
Kingston West Veterinary Hospital,Vet Strategy,"Kingston, Ont."
Komoka-Kilworth Animal Clinic,Vet Strategy,"Komoka, Ont."
Lakeshore Animal Health Partners (AHP),Vet Strategy,"Mississauga, Ont."
Langdon Veterinary Clinic,Vet Strategy,"Langdon, Alta."
Lauzon Veterinary Hospital,Vet Strategy,"Windsor, Ont."
Leaside Animal Clinic,Vet Strategy,Toronto
Lennox & Addington Animal Hospital,Vet Strategy,"Napanee, Ont."
Leslieville Animal Hospital,Vet Strategy,Toronto
Lessard Callingwood Veterinary Hospital,Vet Strategy,Edmonton
Limestone City Animal Hospital,Vet Strategy,"Kingston, Ont."
Little Creek Veterinary Clinic,Vet Strategy,Calgary
Lockerby Animal Hospital,Vet Strategy,"Sudbury, Ont."
Lomsnes Veterinary Hospital,Vet Strategy,"Red Deer, Alta."
Manitou Animal Hospital,Vet Strategy,"Kitchener, Ont."
Manzini Animal Hospital,Vet Strategy,"Port Alberni, B.C."
Mayfield Veterinary Clinic,Vet Strategy,"Dufferin, N.B."
McKenzie Veterinary Services,Vet Strategy,Victoria
McKnight Veterinary Hospital,Vet Strategy,Calgary
McLean Animal Hospital,Vet Strategy,"Scarborough, Ont."
McPhillips Animal Hospital,Vet Strategy,Winnipeg
Merritt Animal Hospital,Vet Strategy,"Chatham, Ont."
Mill Bay Veterinary Hospital,Vet Strategy,"Mill Bay, B.C."
Mill Creek Animal Hospital,Vet Strategy,Edmonton
Mission Ridge Animal Hospital,Vet Strategy,"St Albert, Alta."
Mohns Avenue Veterinary Services,Vet Strategy,"Petawawa, Ont."
Moncton Animal Hospital,Vet Strategy,"Moncton, N.B."
Mono Veterinary Clinic,Vet Strategy,"Mono, Ont."
Montgomery Village Veterinary Clinic,Vet Strategy,Calgary
Morinville Veterinary Clinic,Vet Strategy,"Morinville, Alta."
Morrisburg Animal Hospital,Vet Strategy,"Morrisburg, Ont."
Mountain Road Animal Hospital,Vet Strategy,"Moncton, N.B."
Mountain View Veterinary Hospital,Vet Strategy,"Street Surrey, B.C."
Muskoka Animal Hospital,Vet Strategy,"Huntsville, Ont."
Nepean Animal Hospital,Vet Strategy,"Nepean, Ont."
North Hill Animal Hospital,Vet Strategy,"Bolton, Ont."
North Oakville Animal Hospital,Vet Strategy,"Oakville, Ont."
North Town Veterinary Hospital,Vet Strategy,"Brampton, Ont."
Northside Animal Hospital,Vet Strategy,"North Sydney, N.S."
Nottawasaga Valley Veterinary Hospital,Vet Strategy,"Alliston, Ont."
Oakbank Animal Hospital,Vet Strategy,"Oakbank, Man."
Oceanside Animal Hospital,Vet Strategy,"Parksville, B.C."
Onoway Veterinary Clinic,Vet Strategy,"Onoway, Alta."
Orillia Pet Hospital,Vet Strategy,"Orillia, Ont."
Orleans Veterinary Hospital,Vet Strategy,"Orleans, Ont."
Orono Veterinary Hospital,Vet Strategy,"Clarington, Ont."
Osgoode Veterinary Services,Vet Strategy,"Osgoode, Ont."
Pacific Cat Clinic,Vet Strategy,Victoria
Pandosy Village Veterinary Hospital,Vet Strategy,"Kelowna, B.C."
Park Road Veterinary Clinic,Vet Strategy,"Brantford, Ont."
Parkwest Pet Clinic,Vet Strategy,Edmonton
Pembroke Animal Hospital,Vet Strategy,"Pembroke, Ont."
Petroglyph Animal Hospital,Vet Strategy,"Nanaimo, B.C."
PetWorks Veterinary Hospital (PetFocus),Vet Strategy,"Dartmouth, N.S."
Pinnacle Animal Hospital,Vet Strategy,"Renfrew, Ont."
Port Coquitlam Animal Hospital,Vet Strategy,"Port Coquitlam, B.C."
Port Elgin Veterinary Clinic,Vet Strategy,"Port Elgin, Ont."
Prevost Veterinary Clinic,Vet Strategy,"Duncan, B.C."
Princess Animal Hospital,Vet Strategy,"Kingston, Ont."
Queen’s Park Pet Hospital,Vet Strategy,"New Westminster, B.C."
Queensway Veterinary Hospital,Vet Strategy,"Simcoe, Ont."
Richview Animal Hospital,Vet Strategy,"Etobicoke, Ont."
Rimbey Veterinary Clinic,Vet Strategy,"Rimbey, Alta."
Ritson Veterinary Clinic,Vet Strategy,"Oshawa, Ont."
Riverview Animal Health Centre,Vet Strategy,"Riverview, N.B."
Rocky Ridge Pet Hospital,Vet Strategy,Calgary
Roncy Village Veterinary Clinic,Vet Strategy,Toronto
Royal York Animal Hospital,Vet Strategy,"Etobicoke, Ont."
Rutland Pet Hospital,Vet Strategy,"Kelowna, B.C."
Sackville Animal Hospital,Vet Strategy,"Lower Sackville, N.S."
Sardis Animal Hospital,Vet Strategy,"Chilliwack, B.C."
Sears Animal Hospital,Vet Strategy,"London, Ont."
Sechelt Animal Hospital,Vet Strategy,"Sechelt, B.C."
Seneca Animal Clinic,Vet Strategy,"North York, Ont."
Sherbourne Animal Hospital,Vet Strategy,Toronto
Signal Hill Animal Clinic,Vet Strategy,Calgary
Simcoe Animal Hospital,Vet Strategy,"Decou Road, Ont."
Sims Animal Hospital,Vet Strategy,"Kingston, Ont."
South Burnaby Veterinary Hospital,Vet Strategy,"Burnaby, B.C."
South Shore Veterinary Services,Vet Strategy,"Wileville, N.S."
South Windsor Animal Hospital,Vet Strategy,"Windsor, Ont."
Southampton Pet Hospital,Vet Strategy,"Southampton, Ont."
Southern Alberta Veterinary Emergency (SAVE),Vet Strategy,"Okotoks, Alta."
Southglen Veterinary Hospital,Vet Strategy,Winnipeg
Southpointe Pet Hospital,Vet Strategy,Calgary
Springer Animal Hospital,Vet Strategy,"Sturgeon Falls, Ont."
Spryfield Animal Hospital,Vet Strategy,Halifax
Strathmore Veterinary Clinic,Vet Strategy,"Strathmore, Alta."
St. Norbert Animal Hospital,Vet Strategy,Winnipeg
St. Vital Veterinary Hospital,Vet Strategy,Winnipeg
Sunrise Animal Hospital,Vet Strategy,"Mount Pearl, N.L."
Sydney Animal Hospital,Vet Strategy,"Sydney, N.S."
Talbot Animal Clinic,Vet Strategy,"Thomas, Ont."
Taunton Road Animal Hospital,Vet Strategy,"Oshawa, Ont."
Timberlea Animal Hospital,Vet Strategy,"Timberlea, N.S."
Torbay Animal Hospital,Vet Strategy,St. John's
Toronto Animal Health Partners (AHP),Vet Strategy,"North York, Ont."
Tranquille Road Animal Hospital,Vet Strategy,"Kamloops, B.C."
Trenant Park Pet Clinic,Vet Strategy,"Delta, B.C."
Tuxedo Animal Hospital,Vet Strategy,Winnipeg
Twin Rivers Animal Hospital,Vet Strategy,"Kamloops, B.C."
Upper Bathurst Animal Clinic,Vet Strategy,"North York, Ont."
Valley Veterinary Services,Vet Strategy,"Chilliwack, B.C."
Van Isle Veterinary Hospital,Vet Strategy,"Courtenay, B.C."
Vaughan-Richmond Hill Veterinary Emergency Clinic,Vet Strategy,"Richmond Hill, Ont."
Veterinary Specialty Centre of Newfoundland and Labrador (VSCNL),Vet Strategy,"Mount Pearl, N.L."
Walden Animal Hospital,Vet Strategy,"Lively, Ont."
Walker Road Animal Hospital,Vet Strategy,"Windsor, Ont."
Waterview Animal Hospital,Vet Strategy,"Miramichi, N.B."
Watzin Veterinary Clinic,Vet Strategy,"Waterdown, Ont."
Wellesley Animal Hospital,Vet Strategy,Toronto
West Brant Animal Hospital,Vet Strategy,"Brantford, Ont."
West Hill Animal Clinic,Vet Strategy,"Scarborough, Ont."
Westbridge Veterinary Hospital,Vet Strategy,"Mississauga, Ont."
Westcoast Animal Veterinary Emergency Specialty Hospital (WAVES),Vet Strategy,Victoria
Westwood Veterinary Hospital,Vet Strategy,Winnipeg
Westwood Hills Veterinary Hospital (PetFocus),Vet Strategy,"Upper Tantallon, N.S."
Wilson’s Animal Hospital,Vet Strategy,"St. Catharines, Ont."
Woodbridge Animal Hospital,Vet Strategy,"Woodbridge, Ont."
York Mills Animal Hospital,Vet Strategy,Toronto
Animal 911 Hôpital vétérinaire,Vet Strategy,"Roxboro, Que."
Bureau vétérinaire Anima-Plus Sainte-Brigitte (Anima-Plus),Vet Strategy,"Sainte-Brigitte-de-Laval, Que."
Bureau vétérinaire Saint-Amable,Vet Strategy,"Saint-Amable, Que."
Bureau vétérinaire St-Joseph-du-Lac,Vet Strategy,"Saint-Joseph-du-Lac, Que."
Carrefour Santé Animale,Vet Strategy,"Sherbrooke, Que."
Centre vétérinaire Daubigny (24 hours),Vet Strategy,Quebec City
Clinique Médecin vétérinaire de St-Louis (Globalvet),Vet Strategy,Montreal
Clinique vétérinaire Anima-Plus Neufchatel,Vet Strategy,Quebec City
Clinique vétérinaire Anima-Plus Rock Forest,Vet Strategy,"Sherbrooke, Que."
Clinique vétérinaire Basses-Laurentides,Vet Strategy,"Boisbriand, Que."
Clinique vétérinaire Beaubien,Vet Strategy,Montreal
Clinique vétérinaire Beauce-Appalaches (Globalvet),Vet Strategy,"Saint-Georges, Que."
Clinique vétérinaire Beauceville,Vet Strategy,"Beauceville, Que."
Clinique vétérinaire Beauport (Globalvet),Vet Strategy,Quebec City
Clinique vétérinaire Bedford,Vet Strategy,"Bedford, Que."
Clinique vétérinaire Bellefeuille,Vet Strategy,"Saint-Jérôme, Que."
Clinique vétérinaire Cap-Rouge (Globalvet),Vet Strategy,Quebec City
Clinique vétérinaire Caron (Globalvet),Vet Strategy,Quebec City
Clinique vétérinaire Centrale de Sherbrooke,Vet Strategy,"Sherbrooke, Que."
Clinique vétérinaire Cowansville,Vet Strategy,"Cowansville, Que."
Clinique vétérinaire de l’Estuaire – Amqui,Vet Strategy,"Amqui, Que."
Clinique vétérinaire de l’Estuaire – Mont Joli,Vet Strategy,"Mont-Joli, Que."
Clinique vétérinaire de l’Estuaire – Rimouski,Vet Strategy,"Rimouski, Que."
Clinique vétérinaire de Hull,Vet Strategy,"Gatineau, Que."
Clinique vétérinaire de L’lle Jésus (Globalvet),Vet Strategy,"Laval, Que."
Clinique vétérinaire de la Mennais (Globalvet),Vet Strategy,"La Prairie, Que."
Clinique vétérinaire de la Promenade (Globalvet),Vet Strategy,Montreal
Clinique vétérinaire de l’Anode,Vet Strategy,"Rouyn-Noranda, Que."
Clinique vétérinaire de Luceville,Vet Strategy,"Sainte-Luce, Que."
Clinique vétérinaire de Santé Animale de l’Estrie,Vet Strategy,"Sherbrooke, Que."
Clinique vétérinaire Demers,Vet Strategy,"Sorel-Tracy, Que."
Clinique vétérinaire Donnacona,Vet Strategy,"Donnacona, Que."
Clinique vétérinaire Douville,Vet Strategy,"Saint-Hyacinthe, Que."
Clinique vétérinaire Dre Suzanne Marcil,Vet Strategy,"Howick, Que."
Clinique vétérinaire du Faubourg (Globalvet),Vet Strategy,Quebec City
Clinique vétérinaire du Littoral inc. (Globalvet),Vet Strategy,"Rimouski, Que."
Clinique Vétérinaire Fontainebleau,Vet Strategy,"Blainville, Que."
Clinique vétérinaire Duplessis,Vet Strategy,Quebec City
Clinique vétérinaire Hamel,Vet Strategy,"L’Ancienne-Lorette, Que."
Clinique vétérinaire Lachapelle,Vet Strategy,"Saint-Augustin-de-Desmaures, Que."
Clinique vétérinaire Laurentien-Keller,Vet Strategy,"Saint-Laurent, Que."
Clinique Vétérinaire les Jardins de Napierville,Vet Strategy,"Napierville, Que."
Clinique vétérinaire Lévis (Globalvet),Vet Strategy,"Saint-Romuald, Que."
Clinique vétérinaire Lévis-Lauzon,Vet Strategy,"Lévis, Que."
Clinique vétérinaire Loretteville (Globalvet),Vet Strategy,Quebec City
Clinique vétérinaire Nicolet (Évolution),Vet Strategy,"Nicolet, Que."
Clinique vétérinaire Plateau Mont Royal,Vet Strategy,Montreal
Clinique vétérinaire Québec-Centre (Globalvet),Vet Strategy,Quebec City
Clinique vétérinaire Saint-Canut,Vet Strategy,"Mirabel, Que."
Clinique vétérinaire St-André,Vet Strategy,"Acton Vale, Que."
Clinique vétérinaire St-Etienne (Vetcom),Vet Strategy,"Lévis, Que."
Clinique vétérinaire St-Jean-Chrysostome (Vetcom),Vet Strategy,"St-Jean Chrysostome, Que."
Clinique vétérinaire Saint-Nicolas (Globalvet),Vet Strategy,"Saint-Nicolas, Que."
Clinique vétérinaire St-Marc-des-Carrières,Vet Strategy,"St-Marc des Carrières, Que."
Clinique vétérinaire Ste-Marie (Vetcom),Vet Strategy,"Ste-Marie de Beauce, Que."
Clinique vétérinaire St-Paul,Vet Strategy,"Farnham, Que."
Clinique vétérinaire sur 4 Pattes,Vet Strategy,Montreal
Clinique vétérinaire Timberlea,Vet Strategy,"Kirkland, Que."
Clinique vétérinaire Vaudreuil,Vet Strategy,"Vaudreuil-Dorion, Que."
Clinique vétérinaire Ville-Émard (MTLVET),Vet Strategy,Montreal
Dre Eve Biron Clinique vétérinaire,Vet Strategy,"Drummondville, Que."
Hôpital vétérinaire Accès Vet Blainville Inc.,Vet Strategy,"Blainville, Que."
Hôpital vétérinaire Anima-Plus Beauport,Vet Strategy,Quebec City
Hôpital vétérinaire Anima-Plus Gatineau,Vet Strategy,"Gatineau, Que."
Hôpital vétérinaire Anima-Plus Île-Perrot,Vet Strategy,"Île-Perrot, Que."
Hôpital vétérinaire Anima-Plus Laurier,Vet Strategy,Montreal
Hôpital vétérinaire Anima-Plus les Coteaux,Vet Strategy,"Les Coteaux, Que."
Hôpital vétérinaire Anima-Plus Régional,Vet Strategy,"Gatineau, Que."
Hôpital vétérinaire Anima-Plus Varennes,Vet Strategy,"Varennes, Que."
Hôpital vétérinaire Animo-Vet,Vet Strategy,"Saint-Hubert, Que."
Hôpital vétérinaire Bois-Francs,Vet Strategy,"Victoriaville, Que."
Hôpital vétérinaire Carcajou,Vet Strategy,"Alma, Que."
Hôpital vétérinaire Chambly,Vet Strategy,"Chambly, Que."
Hôpital vétérinaire Cuivre et Or,Vet Strategy,"Rouyn-Noranda, Que."
Hôpital vétérinaire Coeur de Lotbinière (Vetcom),Vet Strategy,"Laurier-Station, Que."
Hôpital vétérinaire de Candiac (Globalvet),Vet Strategy,"Candiac, Que."
Hôpital vétérinaire de Houssart,Vet Strategy,"Trois-Rivières, Que."
Hôpital vétérinaire de la Seigneurie de Terrebonne,Vet Strategy,"Terrebonne, Que."
Hôpital vétérinaire de Rawdon,Vet Strategy,"Rawdon, Que."
Hôpital vétérinaire des Prairies,Vet Strategy,"Notre-Dame-des-Prairies, Que."
Hôpital vétérinaire du Haut-Richelieu,Vet Strategy,"Saint-Jean-sur-Richelieu, Que."
Hôpital vétérinaire du Parc (MTLVET),Vet Strategy,Montreal
Hôpital vétérinaire du Plateau,Vet Strategy,"Gatineau, Que."
Hôpital vétérinaire Énergie (Évolution),Vet Strategy,"Shawinigan, Que."
Hôpital vétérinaire Hudson,Vet Strategy,"Vaudreuil-Dorion, Que."
Hôpital vétérinaire Lachapelle,Vet Strategy,Quebec City
Hôpital vétérinaire Lachute,Vet Strategy,"Lachute, Que."
Hôpital vétérinaire Lasalle,Vet Strategy,"Lasalle, Que."
Hôpital vétérinaire Les Rivières,Vet Strategy,"Trois-Rivières, Que."
Hôpital vétérinaire Lindsay s.e.n.c.r.l.,Vet Strategy,"Drummondville, Que."
Hôpital vétérinaire Louiseville (Évolution),Vet Strategy,"Louiseville, Que."
Hôpital vétérinaire Mercier,Vet Strategy,"Mercier, Que."
Hôpital vétérinaire Pierre Boucher (Globalvet),Vet Strategy,"Longueuil, Que."
Hôpital vétérinaire Prévost,Vet Strategy,"Prévost, Que."
Hôpital vétérinaire Rive-Nord,Vet Strategy,"Trois-Rivières, Que."
Hôpital vétérinaire Roussillon,Vet Strategy,"Sainte-Catherine, Que."
Hôpital vétérinaire St-Lambert,Vet Strategy,"Saint-Lambert, Que."
Hôpital vétérinaire St-Lazare,Vet Strategy,"Saint-Lazare, Que."
Hôpital vétérinaire Taschereau,Vet Strategy,"Greenfield Park, Que."
Hôpital vétérinaire Verdun (MTLVET),Vet Strategy,Montreal
Hôpital vétérinaire Vieux Village,Vet Strategy,"Sherbrooke, Que."
17th Avenue Animal Hospital,VCA,Calgary
Calgary North Animal Hospital,VCA,Calgary
Calgary Trail Animal Hospital,VCA,Edmonton
Calgary West Animal Hospital,VCA,Calgary
CARE Centre,VCA,Calgary
Coach Hill Animal Hospital,VCA,Calgary
Country Hills Animal Hospital,VCA,Calgary
Crowfoot Animal Hospital,VCA,Calgary
Dalhousie Varsity Animal Hospital,VCA,Calgary
District Animal Hospital & Urgent Care,VCA,Calgary
Forest Lawn Animal Hospital,VCA,Calgary
Green Acres Animal Hospital,VCA,"Lethbridge, Alta."
Guardian Veterinary Centre,VCA,Edmonton
Harvest Hills Animal Hospital,VCA,Calgary
Landing Animal Hospital,VCA,Calgary
MacEwan Animal Hospital,VCA,Calgary
Marda Loop Animal Hospital,VCA,Calgary
Marlborough Animal Hospital,VCA,Calgary
Mayfield Animal Hospital,VCA,Edmonton
McKenzie Towne Animal Hospital,VCA,Calgary
Mills Haven Animal Hospital,VCA,"Sherwood Park, Alta."
North Central Animal Hospital,VCA,Edmonton
Riverbend Animal Hospital Calgary,VCA,Calgary
Riverbend Veterinary Hospital Edmonton,VCA,Edmonton
Royal Oak Animal Hospital,VCA,Calgary
Shawnessy South Animal Hospital,VCA,Calgary
Tuscany Animal Hospital,VCA,Calgary
Vets To Go (Calgary & Edmonton),VCA,Calgary
Western Veterinary Specialist & Emergency Centre,VCA,Calgary
Whitemud Creek Veterinary Hospital,VCA,Edmonton
Applecross Animal Hospital,VCA,"Nanaimo, B.C."
Burnside Animal Hospital,VCA,Victoria
Cats Only Animal Hospital,VCA,Vancouver
Central Saanich Animal Hospital,VCA,"Saanichton, B.C."
Central Victoria Veterinary Hospital,VCA,Victoria
Como Lake Animal Hospital,VCA,"Coquitlam, B.C."
Feltham Animal Hospital,VCA,Victoria
Healing Paws Animal Hospital,VCA,"Port Moody, B.C."
Highlands Animal Hospital,VCA,"North Vancouver, B.C."
Island Animal Hospital,VCA,"Nanaimo, B.C."
Ladysmith Animal Hospital,VCA,"Ladysmith, B.C."
Lynn Valley Animal Hospital,VCA,"North Vancouver, B.C."
Newton Animal Hospital,VCA,"Surrey, B.C."
North Shore Animal Hospital,VCA,"North Vancouver, B.C."
Ross Bay Animal Hospital,VCA,Victoria
Shamrock Animal Hospital,VCA,"Comox, B.C."
Tri Lake Animal Hospital & Referral Centre,VCA,"Winfield, B.C."
Vancouver Animal Emergency & Referral Centre,VCA,Vancouver
Vancouver Animal Wellness Hospital,VCA,Vancouver
Yaletown Animal Hospital,VCA,Vancouver
404 Veterinary Emergency and Referral Hospital,VCA,"Newmarket, Ont."
Alta Vista Animal Hospital,VCA,"Gloucester, Ont."
Askey Animal Hospital,VCA,"Burlington, Ont."
Barrie Veterinary Hospital,VCA,"Barrie, Ont."
Bay Cities Animal Hospital,VCA,"Burlington, Ont."
Bayview Animal Hospital,VCA,Ottawa
Beardall Animal Hospital,VCA,"Kingston, Ont."
Bellbrae Animal Hospital,VCA,"Collingwood, Ont."
Bells Corners Animal Hospital,VCA,"Nepean, Ont."
Birchmount Animal Hospital,VCA,"Scarborough, Ont."
Blair Animal Hospital,VCA,"Gloucester, Ont."
Blue Cross Animal Hospital,VCA,"Sarnia, Ont."
Burgess Animal Hospital,VCA,"Cambridge, Ont."
Burlington Animal Hospital,VCA,"Burlington, Ont."
Burnham Mansion Animal Hospital,VCA,"Peterborough, Ont."
Cachet Village Animal Hospital,VCA,"Markham, Ont."
Credit Valley Animal Hospital,VCA,"Mississauga, Ont."
Don Mills Animal Hospital,VCA,"North York, Ont."
Eastside Animal Hospital,VCA,"Stoney Creek, Ont."
Foster Park Animal Hospital,VCA,"Belleville, Ont."
Guelph Veterinary Surgery Services,VCA,"Guelph, Ont."
Heritage Animal Hospital,VCA,"Midland, Ont."
Jackson Creek Animal Hospital,VCA,"Peterborough, Ont."
Kanata Animal Hospital,VCA,"Kanata, Ont."
Kew Beach Animal Hospital,VCA,Toronto
Kingsway Animal Hospital,VCA,Hamilton
Kortright Animal Hospital,VCA,"Guelph, Ont."
Lakeshore Animal Hospital,VCA,"Mississauga, Ont."
Lawrence Veterinary Clinic,VCA,Toronto
Lexington Rd. Animal Hospital,VCA,"Waterloo, Ont."
London Regional Veterinary Emergency and Referral Hospital,VCA,"London, Ont."
MacKay Animal Hospital,VCA,"Whitby, Ont."
Masonville Animal Hospital,VCA,"London, Ont."
Matthews Animal Hospital,VCA,"London, Ont."
Mississauga Oakville Veterinary Emergency and Specialty Hospital,VCA,"Oakville, Ont."
Morningside Animal Hospital,VCA,"Scarborough, Ont."
Mt. Pleasant - Davisville Animal Hospital,VCA,Toronto
Northdale Animal Hospital,VCA,"London, Ont."
Northumberland Animal Hospital,VCA,"Colborne, Ont."
Oshawa Animal Hospital,VCA,"Oshawa, Ont."
O'Sullivan Animal Hospital,VCA,"Barrie, Ont."
Ottawa Veterinary Hospital,VCA,Ottawa
Petrolia Veterinary Services,VCA,"Petrolia, Ont."
Port Colborne Animal Hospital,VCA,"Port Colborne, Ont."
Pretoria Animal Hospital,VCA,Ottawa
Richmond Hill Animal Hospital,VCA,"Richmond Hill, Ont."
Rosedale Animal Hospital,VCA,Toronto
Scarborough Animal Hospital,VCA,Toronto
Secord Animal Hospital,VCA,Toronto
Toronto Veterinary Emergency Hospital,VCA,"Scarborough, Ont."
Usher Animal Hospital,VCA,Toronto
Westside Animal Hospital,VCA,Toronto
Willowdale Animal Hospital,VCA,Toronto
Centre Vétérinaire Laval,VCA,"Laval, Que."
Centre Vétérinaire Rive-Sud,VCA,"Brossard, Que."
Clinique vet. de Sante Animale de Montreal,VCA,Montreal
Clinique Vétérinaire Cimon Loretteville,VCA,Quebec City
Clinique Vétérinaire Cimon St-Sacrement,VCA,Quebec City
Clinique Vétérinaire Cimon Vanier,VCA,Quebec City
Clinique veterinaire feline de Ste-Foy,VCA,Quebec City
Hopital Veterinaire Blainville,VCA,"Blainville, Que."
Hôpital Vétérinaire Centre-ville Montréal,VCA,Montreal
Hôpital Vétérinaire de l’Ormière,VCA,Quebec City
Hôpital Vétérinaire de la Laurentie,VCA,"Saint-Charles-Borromée, Que."
Hôpital Vétérinaire de la Montérégie,VCA,"Carignan, Que."
Hôpital Vétérinaire de Repentigny,VCA,"Repentigny, Que."
Hôpital Vétérinaire des Laurentides,VCA,Quebec City
Hôpital Vétérinaire des Moulins,VCA,"Maschouche, Que."
Hôpital Vétérinaire Ste-Rose,VCA,"Laval, Que."
Hôpital Vétérinaire Ste-Thérèse,VCA,"Ste-Thérèse, Que."
Hôpital Vétérinaire St-Eustache Deux-Montagnes,VCA,"St-Eustache, Que."
Hôpital Vétérinaire Trifluvien,VCA,"Trois-Rivières, Que."
Hôpital Vétérinaire Victoria - Ste-Julie Branch,VCA,"Sainte-Julie, Que."
Hôpital Vétérinaire Victoria - St-Lambert Branch,VCA,"St-Lambert, Que."
Hôpital Vétérinaire Victoria - Verdun Branch,VCA,"Verdun, Que."
Hôpital Vétérinaire Ville St-Laurent,VCA,"St-Laurent, Que."
L’Hôpital Vétérinaire Victoria à Greenfield Park,VCA,"Greenfield Park, Que."
Pierrefonds Animal Hospital,VCA,"Pierrefonds, Que."
All West Animal Hospital,VCA,Saskatoon
Central Animal Hospital,VCA,Saskatoon
Frontier Animal Hospital,VCA,Saskatoon
Lakeview Animal Hospital,VCA,Saskatoon